,name,uuid,expiresOn
0,Player,8413f333-92ab-da49-e4a4-152c030f086b,2023-05-27 19:20:08 +0530
1,Player,5ee0d9ac-3cb6-df0c-34bf-d5c6546be84f,2023-05-27 17:51:41 +0530
2,Player,9afee260-24b3-09c0-739d-45ba41336f9b,2023-05-27 15:19:52 +0530
3,Player,321b6ad0-8246-c51a-2339-771b149b27d0,2023-05-27 09:16:17 +0530
4,Player,74401aa7-68fc-af2e-9a68-c29bb55fb309,2023-05-26 14:49:10 +0530
5,Player,e7e66abb-1f45-3985-bb94-2bf0a6ac26ea,2023-05-26 13:13:37 +0530
6,Player,368fc1f4-a570-d632-f1b7-dac7b8c6d7f0,2023-05-26 11:08:18 +0530
7,Player,dc1090c7-38ff-980b-ab4b-b61cd105b76d,2023-05-25 14:52:06 +0530
8,Player,8dd06b34-a065-f1ff-806f-1db78593020d,2023-05-24 16:43:05 +0530
9,Player,fcb99170-817f-8c9e-cf9c-3e0f1446371f,2023-05-24 10:43:09 +0530
10,Player,bb5fc673-42c4-5ce9-d0ec-05d5828a9f4b,2023-05-23 16:15:37 +0530
11,Player,9f5f29d8-b965-5f64-2f17-26168e1e37d2,2023-05-22 18:35:44 +0530
12,Player,fe0a7628-a84b-9a1c-cbf8-d24eecb5aa1d,2023-05-21 12:48:40 +0530
13,Player,63bd36fb-27cb-d1d2-937e-0e842f043301,2023-05-20 14:32:44 +0530
14,Player,1bac8f31-8a4c-2243-1ddb-2a0815fc007f,2023-05-20 10:56:55 +0530
15,Player,562c4623-385b-b63e-8f46-334a44e6ae5a,2023-05-20 09:57:53 +0530
16,Player,0ada6219-4f96-890b-befe-163aab85965a,2023-05-19 20:13:52 +0530
17,Player,7e9b601f-cde2-2e4f-9f2e-174a34940dd3,2023-05-19 12:36:33 +0530
18,Player,ff9d2d49-02ec-a843-6fda-4aa44ad10408,2023-05-10 15:33:39 +0530
19,Player,123aafb2-576a-785b-8a10-ca006c633bd3,2023-05-06 15:06:46 +0530
20,Player,bb172dc6-d577-8a70-9ee0-fb5eb3e474ba,2023-05-06 09:58:40 +0530
21,Player,6c303d4a-f079-c128-2d5b-f28039a7e8b4,2023-05-05 20:27:14 +0530
22,Player,230a6dd6-aae8-b947-1eb2-4ad91a824613,2023-05-05 15:36:19 +0530
23,Player,769b8949-d975-fafe-8f48-31d8b11159df,2023-05-05 15:28:57 +0530
24,Player,7592e59e-a2d4-52cc-b118-9ca8f8f3a015,2023-05-05 12:57:02 +0530
25,Player,6a9f65de-91aa-b5be-bd7f-8a2d11e19b8b,2023-05-05 12:18:10 +0530
26,Player,52677862-356f-2205-a113-7c48a6e4ffe0,2023-05-05 11:37:56 +0530
27,Player,989e3adf-18c5-6431-9118-cf5cb8fff93d,2023-05-04 19:06:07 +0530
28,Player,d3cd0e30-cf19-5717-0ccb-b3b4261c4dbd,2023-05-01 11:39:58 +0530
29,Player,d9faa5c7-528a-a1f8-4d70-8aac17535903,2023-04-30 17:29:45 +0530
30,Player,8a44f5ba-c7b4-c937-cfff-ed8e9f8569cf,2023-04-29 20:41:28 +0530
31,Player,ea9e9015-b679-a9f1-8583-a97767bd038a,2023-04-29 20:09:11 +0530
32,Player,2681d3d7-3b84-2fed-44b3-cac808f1076b,2023-04-29 19:13:31 +0530
33,Player,4a009e7c-c907-ffb6-342d-cee7a8dcabf0,2023-04-28 18:54:14 +0530
34,Player,b1f1d02b-7d86-a945-ac05-20079283a35a,2023-04-27 10:51:33 +0530
35,Player,2e1519af-900f-7806-30e2-a21786245751,2023-04-26 19:29:39 +0530
36,Player,e0bbf8e8-a88d-8be4-64c5-ff3bee4c53be,2023-04-26 18:48:50 +0530
37,Player,6c2c205f-d6e8-458f-613d-b6f0d0aa11ad,2023-04-26 18:45:56 +0530
38,Player,01f9ef76-77c7-8c59-5ed3-5abf59d9df82,2023-04-26 18:06:41 +0530
39,Player,69928130-820e-38b5-f935-feaf59917869,2023-04-25 19:30:36 +0530
40,Player,63f0bcd9-c34f-d3ac-5ec4-3184228f6a2b,2023-04-25 17:42:06 +0530
41,Player,e8231b67-de2d-4497-f062-9c00b74bace0,2023-04-25 11:43:11 +0530
42,Player,6fddf7d0-f177-59ec-da3c-43effd81fa0d,2023-04-24 21:42:26 +0530
43,Player,888be93c-b97f-0d6f-222d-dcf2586e6494,2023-04-24 19:52:50 +0530
44,Player,54739312-a47a-64bb-b100-ad7e059182f7,2023-04-24 14:28:46 +0530
45,Player,c5e4e823-5a93-c176-e45b-965c94745da0,2023-04-24 12:41:26 +0530
